{
  "appointments": [
    {
      "start": "2024-05-13T12:35:00\u002B02:00",
      "title": "ET Konsultation",
      "duration": 95,
      "location": "FAW",
      "description": "Spa\u00DF mit C#",
      "reminderLeadTime": 5,
      "reminded": true
    },
    {
      "start": "2024-05-14T10:30:00\u002B02:00",
      "title": "ET Konsultation",
      "duration": 95,
      "location": "FAW",
      "description": "Spa\u00DF mit C#",
      "reminderLeadTime": 5,
      "reminded": false
    },
    {
      "start": "2024-05-14T10:38:00\u002B02:00",
      "title": "Demo",
      "duration": 1,
      "location": "FAW",
      "description": "Demo",
      "reminderLeadTime": 1,
      "reminded": false
    },
    {
      "start": "2024-05-15T10:30:00\u002B02:00",
      "title": "ET Konsultation",
      "duration": 95,
      "location": "FAW",
      "description": "Spa\u00DF mit C#",
      "reminderLeadTime": 5,
      "reminded": false
    },
    {
      "start": "2024-05-16T10:30:00\u002B02:00",
      "title": "ET Konsultation",
      "duration": 95,
      "location": "FAW",
      "description": "Spa\u00DF mit C#",
      "reminderLeadTime": 5,
      "reminded": false
    },
    {
      "start": "2024-05-17T10:30:00\u002B02:00",
      "title": "ET Konsultation",
      "duration": 95,
      "location": "FAW",
      "description": "Spa\u00DF mit C#",
      "reminderLeadTime": 5,
      "reminded": false
    },
    {
      "start": "2024-05-21T10:30:00\u002B02:00",
      "title": "AE Konsultation",
      "duration": 95,
      "location": "FAW",
      "description": "Spa\u00DF mit C#",
      "reminderLeadTime": 5,
      "reminded": false
    },
    {
      "start": "2024-05-22T10:30:00\u002B02:00",
      "title": "AE Konsultation",
      "duration": 95,
      "location": "FAW",
      "description": "Spa\u00DF mit C#",
      "reminderLeadTime": 5,
      "reminded": false
    }
  ]
}